-- phpMyAdmin SQL Dump
-- version 4.0.9
-- http://www.phpmyadmin.net
--
-- Host: 127.0.0.1
-- Generation Time: Apr 28, 2014 at 08:36 PM
-- Server version: 5.6.14
-- PHP Version: 5.5.6

SET SQL_MODE = "NO_AUTO_VALUE_ON_ZERO";
SET time_zone = "+00:00";


/*!40101 SET @OLD_CHARACTER_SET_CLIENT=@@CHARACTER_SET_CLIENT */;
/*!40101 SET @OLD_CHARACTER_SET_RESULTS=@@CHARACTER_SET_RESULTS */;
/*!40101 SET @OLD_COLLATION_CONNECTION=@@COLLATION_CONNECTION */;
/*!40101 SET NAMES utf8 */;

--
-- Database: `dwel1`
--

-- --------------------------------------------------------

--
-- Table structure for table `categories`
--

CREATE TABLE IF NOT EXISTS `categories` (
  `id` int(15) NOT NULL AUTO_INCREMENT,
  `parent_id` int(11) NOT NULL,
  `name` varchar(150) COLLATE utf8_unicode_ci NOT NULL,
  `slug` varchar(150) COLLATE utf8_unicode_ci NOT NULL,
  `created` datetime NOT NULL,
  `updated` datetime NOT NULL,
  PRIMARY KEY (`id`),
  KEY `parent_id` (`parent_id`)
) ENGINE=InnoDB  DEFAULT CHARSET=utf8 COLLATE=utf8_unicode_ci AUTO_INCREMENT=20 ;

--
-- Dumping data for table `categories`
--

INSERT INTO `categories` (`id`, `parent_id`, `name`, `slug`, `created`, `updated`) VALUES
(1, 1, 'Dweling', 'dweling', '2013-11-19 11:54:03', '2013-12-01 21:42:41'),
(2, 2, 'Education & Development', 'education---development', '2013-12-01 21:43:11', '2013-12-01 21:51:38'),
(3, 3, 'Product & Services', 'product---services', '2013-12-01 21:43:27', '2013-12-01 21:51:27'),
(4, 4, 'Sports', 'sports', '2013-12-01 21:43:40', '2013-12-01 21:51:14'),
(5, 5, 'Health & Beauty', 'health---beauty', '2013-12-01 21:43:52', '2013-12-01 21:51:02'),
(6, 6, 'Travel & Tourism', 'travel---tourism', '2013-12-01 21:44:02', '2013-12-01 21:50:39'),
(7, 7, 'Fitness & Style', 'fitness---style', '2013-12-01 21:44:14', '2013-12-01 21:50:47'),
(8, 8, 'Society & Culture', 'society---culture', '2013-12-01 21:44:26', '2013-12-01 21:49:05'),
(9, 9, 'Pets', 'pets', '2013-12-01 21:44:40', '2013-12-01 21:48:53'),
(10, 10, 'News & Events', 'news---events', '2013-12-01 21:44:51', '2013-12-01 21:48:40'),
(11, 11, 'Finance & Economy', 'finance---economy', '2013-12-01 21:45:08', '2013-12-01 21:48:31'),
(12, 12, 'Food & Beverage', 'food---beverage', '2013-12-01 21:45:21', '2013-12-01 21:48:22'),
(13, 13, 'Technology & Gadgets', 'technology---gadgets', '2013-12-01 21:45:32', '2013-12-01 21:48:08'),
(14, 14, 'Entertainment', 'entertainment', '2013-12-01 21:45:44', '2013-12-01 21:48:01'),
(15, 15, 'Law & Rules', 'law---rules', '2013-12-01 21:45:54', '2013-12-01 21:47:53'),
(16, 16, 'Politics & Government', 'politics---government', '2013-12-01 21:46:03', '2013-12-01 21:47:42'),
(17, 17, 'Relationship and Psychology', 'relationship-and-psychology', '2013-12-01 21:46:13', '2013-12-01 21:47:34'),
(18, 18, 'Discovery & Entrepreneurship', 'discovery---entrepreneurship', '2013-12-01 21:46:25', '2013-12-01 21:47:27'),
(19, 19, 'Others', 'others', '2013-12-01 21:46:37', '2013-12-01 21:47:18');

-- --------------------------------------------------------

--
-- Table structure for table `categories_metadata`
--

CREATE TABLE IF NOT EXISTS `categories_metadata` (
  `category_id` int(11) NOT NULL,
  `key` varchar(50) COLLATE utf8_unicode_ci NOT NULL,
  `value` varchar(50) COLLATE utf8_unicode_ci NOT NULL,
  `created` datetime NOT NULL,
  `updated` datetime NOT NULL,
  UNIQUE KEY `category_id_2` (`category_id`,`key`),
  KEY `category_id` (`category_id`)
) ENGINE=InnoDB DEFAULT CHARSET=utf8 COLLATE=utf8_unicode_ci;

-- --------------------------------------------------------

--
-- Table structure for table `comments`
--

CREATE TABLE IF NOT EXISTS `comments` (
  `id` int(15) NOT NULL AUTO_INCREMENT,
  `content_id` int(15) NOT NULL,
  `user_id` int(15) NOT NULL,
  `parent_id` int(15) NOT NULL,
  `comment` text COLLATE utf8_unicode_ci NOT NULL,
  `like_count` int(11) NOT NULL DEFAULT '0',
  `dislike_count` int(11) NOT NULL DEFAULT '0',
  `approved` int(15) NOT NULL,
  `created` datetime NOT NULL,
  `updated` datetime NOT NULL,
  PRIMARY KEY (`id`),
  KEY `content_id` (`content_id`),
  KEY `user_id` (`user_id`),
  KEY `parent_id` (`parent_id`)
) ENGINE=InnoDB  DEFAULT CHARSET=utf8 COLLATE=utf8_unicode_ci AUTO_INCREMENT=13 ;

--
-- Dumping data for table `comments`
--

INSERT INTO `comments` (`id`, `content_id`, `user_id`, `parent_id`, `comment`, `like_count`, `dislike_count`, `approved`, `created`, `updated`) VALUES
(4, 106, 1, 0, 'test comment 1', 0, 0, 1, '2014-04-26 19:00:30', '2014-04-26 19:00:30'),
(5, 106, 1, 0, 'test comment2', 0, 0, 1, '2014-04-26 19:02:07', '2014-04-26 19:02:07'),
(6, 106, 1, 0, 'Comment on this query', 0, 0, 1, '2014-04-26 19:30:11', '2014-04-26 19:30:11'),
(7, 106, 1, 0, 'test content', 0, 0, 1, '2014-04-26 19:33:46', '2014-04-26 19:33:46'),
(8, 106, 1, 6, 'test comment', 0, 0, 1, '2014-04-26 19:51:13', '2014-04-26 19:51:13'),
(9, 106, 1, 7, 'test comment', 0, 1, -1, '2014-04-26 19:53:48', '2014-04-26 19:58:25'),
(10, 106, 1, 7, 'dfff', 0, 0, 1, '2014-04-26 19:57:38', '2014-04-26 19:57:38'),
(11, 136, 1, 0, 'test comment', 0, 0, 1, '2014-04-27 14:09:34', '2014-04-27 14:09:34'),
(12, 136, 1, 0, 'Because of the way it grows \n         \n                                           \n			The grapefruit has been an important part of the American diet for\n centuries, and more recently has been touted as a health food which \nplays an important part in balancing our daily meals. But one thing is \nrather curious about the citrus fruit: how on earth did it get its name?\nWe can all agree that the grapefruit looks nothing like a grape, nor \nis it similar in size or taste. Turns out, it’s generally believed that \nbotanists gave the grapefruit simply due to how it grows: on trees, in clusters – just like actual grapes (though of course they grow on vines).\nAnother consideration is that grapefruits, before ripening, do indeed\n look like unripened green grapes. Either way, I think we can all agree \nthey go nicely with your breakfast in the morning!\n        ', 0, 0, -2, '2014-04-27 14:10:27', '2014-04-27 14:11:35');

-- --------------------------------------------------------

--
-- Table structure for table `comment_metadata`
--

CREATE TABLE IF NOT EXISTS `comment_metadata` (
  `comment_id` int(15) NOT NULL,
  `key` varchar(50) COLLATE utf8_unicode_ci NOT NULL,
  `value` varchar(50) COLLATE utf8_unicode_ci NOT NULL,
  `created` datetime NOT NULL,
  `updated` datetime NOT NULL,
  UNIQUE KEY `comment_id_2` (`comment_id`,`key`),
  KEY `comment_id` (`comment_id`)
) ENGINE=InnoDB DEFAULT CHARSET=utf8 COLLATE=utf8_unicode_ci;

-- --------------------------------------------------------

--
-- Table structure for table `configuration`
--

CREATE TABLE IF NOT EXISTS `configuration` (
  `key` varchar(64) COLLATE utf8_unicode_ci NOT NULL,
  `value` varchar(255) COLLATE utf8_unicode_ci NOT NULL,
  `created` datetime NOT NULL,
  `updated` datetime NOT NULL,
  PRIMARY KEY (`key`)
) ENGINE=InnoDB DEFAULT CHARSET=utf8 COLLATE=utf8_unicode_ci;

--
-- Dumping data for table `configuration`
--

INSERT INTO `configuration` (`key`, `value`, `created`, `updated`) VALUES
('preferMarkdown', '1', '2013-11-19 11:54:03', '2013-11-19 11:54:03');

-- --------------------------------------------------------

--
-- Table structure for table `content`
--

CREATE TABLE IF NOT EXISTS `content` (
  `id` int(15) NOT NULL AUTO_INCREMENT,
  `vid` int(15) NOT NULL,
  `author_id` int(15) NOT NULL,
  `title` varchar(150) COLLATE utf8_unicode_ci NOT NULL,
  `content` text COLLATE utf8_unicode_ci NOT NULL,
  `extract` mediumtext COLLATE utf8_unicode_ci NOT NULL,
  `status` int(11) NOT NULL,
  `commentable` int(15) NOT NULL,
  `parent_id` int(15) NOT NULL,
  `category_id` int(15) NOT NULL,
  `country_id` int(10) NOT NULL DEFAULT '99',
  `type_id` int(15) NOT NULL,
  `password` varchar(150) COLLATE utf8_unicode_ci NOT NULL,
  `comment_count` int(15) NOT NULL DEFAULT '0',
  `like_count` int(11) NOT NULL DEFAULT '0',
  `dislike_count` int(11) NOT NULL DEFAULT '0',
  `slug` varchar(150) COLLATE utf8_unicode_ci NOT NULL,
  `ask` int(1) NOT NULL,
  `expert` varchar(255) COLLATE utf8_unicode_ci NOT NULL,
  `photo` varchar(255) COLLATE utf8_unicode_ci NOT NULL,
  `hideidentity` varchar(255) COLLATE utf8_unicode_ci NOT NULL,
  `categoryName` varchar(255) COLLATE utf8_unicode_ci NOT NULL,
  `video` varchar(255) COLLATE utf8_unicode_ci NOT NULL,
  `created` datetime NOT NULL,
  `updated` datetime NOT NULL,
  PRIMARY KEY (`id`,`vid`),
  KEY `author_id` (`author_id`),
  KEY `parent_id` (`parent_id`),
  KEY `category_id` (`category_id`),
  KEY `slug` (`slug`)
) ENGINE=InnoDB  DEFAULT CHARSET=utf8 COLLATE=utf8_unicode_ci AUTO_INCREMENT=146 ;

--
-- Dumping data for table `content`
--

INSERT INTO `content` (`id`, `vid`, `author_id`, `title`, `content`, `extract`, `status`, `commentable`, `parent_id`, `category_id`, `country_id`, `type_id`, `password`, `comment_count`, `like_count`, `dislike_count`, `slug`, `ask`, `expert`, `photo`, `hideidentity`, `categoryName`, `video`, `created`, `updated`) VALUES
(105, 1, 1, 'who will will 2014 IPL match?', 'who will will 2014 IPL match?', 'who will will 2014 IPL match?', 1, 1, 1, 4, 99, 2, '', 0, 0, 0, 'who-will-will-2014-ipl-match-', 0, '', 'index.jpg', '', 'query', 'http://www.youtube.com/watch?v=2CmfyyDe0fo', '2014-04-26 12:10:54', '2014-04-26 12:10:54'),
(106, 1, 1, 'who will win 2014 election?', 'who will win 2014 election?', 'who will win 2014 election?', 1, 1, 1, 16, 99, 2, '', 18, 0, 0, 'who-will-win-2014-election-', 0, '', 'overall_forecast.png', '', 'query', 'http://www.youtube.com/watch?v=1HNwoBVUIqw', '2014-04-26 12:14:20', '2014-04-26 19:58:25'),
(132, 1, 1, 'which is the best classified site in india. globalclassifieds, olx or quikr?', 'which is the best classified site in india. globalclassifieds, olx or quikr?', 'which is the best classified site in india. globalclassifieds, olx or quikr?', 1, 1, 1, 3, 99, 2, '', 0, 0, 0, 'which-is-the-best-classified-site-in-india--globalclassifieds--olx-or-quikr-', 1, 'PHP', '1379371_1417745535144985_1764708166_n.png', 'true', 'query', 'https://www.youtube.com/watch?v=7iWULJwK29c', '2014-04-26 21:19:11', '2014-04-26 21:19:11'),
(133, 1, 1, 'Which is the best programming languages?', 'Which is the best programming languages?', 'Which is the best programming languages?', 1, 1, 1, 3, 99, 2, '', 0, 0, 0, 'which-is-the-best-programming-languages-', 1, 'PHP', 'languages.jpg', 'true', 'suggestion', 'https://www.youtube.com/watch?v=KRqLERKIxM0', '2014-04-26 21:28:39', '2014-04-26 21:28:39'),
(136, 1, 1, 'How Did the Grapefruit Get Its Name?', 'How Did the Grapefruit Get Its Name?', 'How Did the Grapefruit Get Its Name?', 1, 1, 1, 12, 99, 2, '', 5, 0, 0, 'how-did-the-grapefruit-get-its-name-', 0, '', 'grapefruit.jpg', 'true', 'review', 'http://www.youtube.com/watch?v=Vl6WkDuGC1g', '2014-04-27 13:48:09', '2014-04-27 14:11:35'),
(137, 1, 1, 'for query', 'for query', 'for query', 1, 1, 1, 1, 99, 2, '', 0, 0, 0, 'for-query', 0, '', 'globalclassifieds.png', 'false', 'query', 'http://www.youtube.com/watch?v=ZdP0KM49IVk', '2014-04-27 18:02:07', '2014-04-27 18:02:07'),
(138, 1, 1, 'for suggestion', 'for suggestion', 'for suggestion', 1, 1, 1, 1, 99, 2, '', 0, 0, 0, 'for-suggestion', 0, '', 'globalclassifieds.png', 'true', 'query', 'https://www.youtube.com/watch?v=7iWULJwK29c', '2014-04-27 18:12:03', '2014-04-27 18:12:03'),
(139, 1, 1, 'for suggestion', 'for suggestion', 'for suggestion', 1, 1, 1, 1, 99, 2, '', 0, 0, 0, 'for-suggestion1', 0, '', 'globalclassifieds.png', 'true', 'query', 'https://www.youtube.com/watch?v=7iWULJwK29c', '2014-04-27 18:17:26', '2014-04-27 18:17:26'),
(140, 1, 1, 'for suggestion', 'for suggestion', 'for suggestion', 1, 1, 1, 1, 99, 2, '', 0, 0, 0, 'for-suggestion2', 0, '', 'globalclassifieds.png', 'true', 'query', 'https://www.youtube.com/watch?v=7iWULJwK29c', '2014-04-27 18:19:03', '2014-04-27 18:19:03'),
(141, 1, 1, 'review', 'review', 'review', 1, 1, 1, 1, 99, 2, '', 0, 0, 0, 'review', 0, '', 'globalclassifieds.png', 'true', 'query', 'http://www.youtube.com/watch?v=Vl6WkDuGC1g', '2014-04-27 18:21:23', '2014-04-27 18:21:23'),
(142, 1, 1, 'test review', 'test review', 'test review', 1, 1, 1, 1, 99, 2, '', 0, 0, 0, 'test-review', 0, '', 'globalclassifieds.png', 'true', 'review\r\n', 'http://www.youtube.com/watch?v=Vl6WkDuGC1g', '2014-04-27 18:26:00', '2014-04-27 18:26:00'),
(143, 1, 1, 'review1', 'review1', 'review1', 1, 1, 1, 1, 99, 2, '', 0, 0, 0, 'review1', 0, '', 'globalclassifieds.png', 'true', 'review', 'http://www.youtube.com/watch?v=Vl6WkDuGC1g', '2014-04-27 18:29:19', '2014-04-27 18:29:19'),
(144, 1, 1, 'sadsad', 'sadsadsd', 'sadsadsd', 1, 1, 1, 1, 99, 2, '', 0, 0, 0, 'sadsad', 0, '', '', 'true', 'review', '', '2014-04-27 18:37:05', '2014-04-27 18:37:05'),
(145, 1, 1, 'test suggestion', 'test suggestion', 'test suggestion', 1, 1, 1, 1, 99, 2, '', 0, 0, 0, 'test-suggestion', 0, '', 'globalclassifieds.png', 'true', 'suggestion', 'https://www.youtube.com/watch?v=7iWULJwK29c', '2014-04-27 18:38:28', '2014-04-27 18:38:28');

-- --------------------------------------------------------

--
-- Table structure for table `content_metadata`
--

CREATE TABLE IF NOT EXISTS `content_metadata` (
  `content_id` int(15) NOT NULL,
  `key` varchar(50) COLLATE utf8_unicode_ci NOT NULL,
  `value` text COLLATE utf8_unicode_ci NOT NULL,
  `created` datetime NOT NULL,
  `updated` datetime NOT NULL,
  UNIQUE KEY `content_id_2` (`content_id`,`key`),
  KEY `content_id` (`content_id`)
) ENGINE=InnoDB DEFAULT CHARSET=utf8 COLLATE=utf8_unicode_ci;

-- --------------------------------------------------------

--
-- Table structure for table `country`
--

CREATE TABLE IF NOT EXISTS `country` (
  `id` int(11) NOT NULL AUTO_INCREMENT,
  `iso` char(2) NOT NULL,
  `name` varchar(80) NOT NULL,
  `nicename` varchar(80) NOT NULL,
  `iso3` char(3) DEFAULT NULL,
  `numcode` smallint(6) DEFAULT NULL,
  `phonecode` int(5) NOT NULL,
  PRIMARY KEY (`id`)
) ENGINE=MyISAM  DEFAULT CHARSET=latin1 AUTO_INCREMENT=240 ;

--
-- Dumping data for table `country`
--

INSERT INTO `country` (`id`, `iso`, `name`, `nicename`, `iso3`, `numcode`, `phonecode`) VALUES
(1, 'AF', 'AFGHANISTAN', 'Afghanistan', 'AFG', 4, 93),
(2, 'AL', 'ALBANIA', 'Albania', 'ALB', 8, 355),
(3, 'DZ', 'ALGERIA', 'Algeria', 'DZA', 12, 213),
(4, 'AS', 'AMERICAN SAMOA', 'American Samoa', 'ASM', 16, 1684),
(5, 'AD', 'ANDORRA', 'Andorra', 'AND', 20, 376),
(6, 'AO', 'ANGOLA', 'Angola', 'AGO', 24, 244),
(7, 'AI', 'ANGUILLA', 'Anguilla', 'AIA', 660, 1264),
(8, 'AQ', 'ANTARCTICA', 'Antarctica', NULL, NULL, 0),
(9, 'AG', 'ANTIGUA AND BARBUDA', 'Antigua and Barbuda', 'ATG', 28, 1268),
(10, 'AR', 'ARGENTINA', 'Argentina', 'ARG', 32, 54),
(11, 'AM', 'ARMENIA', 'Armenia', 'ARM', 51, 374),
(12, 'AW', 'ARUBA', 'Aruba', 'ABW', 533, 297),
(13, 'AU', 'AUSTRALIA', 'Australia', 'AUS', 36, 61),
(14, 'AT', 'AUSTRIA', 'Austria', 'AUT', 40, 43),
(15, 'AZ', 'AZERBAIJAN', 'Azerbaijan', 'AZE', 31, 994),
(16, 'BS', 'BAHAMAS', 'Bahamas', 'BHS', 44, 1242),
(17, 'BH', 'BAHRAIN', 'Bahrain', 'BHR', 48, 973),
(18, 'BD', 'BANGLADESH', 'Bangladesh', 'BGD', 50, 880),
(19, 'BB', 'BARBADOS', 'Barbados', 'BRB', 52, 1246),
(20, 'BY', 'BELARUS', 'Belarus', 'BLR', 112, 375),
(21, 'BE', 'BELGIUM', 'Belgium', 'BEL', 56, 32),
(22, 'BZ', 'BELIZE', 'Belize', 'BLZ', 84, 501),
(23, 'BJ', 'BENIN', 'Benin', 'BEN', 204, 229),
(24, 'BM', 'BERMUDA', 'Bermuda', 'BMU', 60, 1441),
(25, 'BT', 'BHUTAN', 'Bhutan', 'BTN', 64, 975),
(26, 'BO', 'BOLIVIA', 'Bolivia', 'BOL', 68, 591),
(27, 'BA', 'BOSNIA AND HERZEGOVINA', 'Bosnia and Herzegovina', 'BIH', 70, 387),
(28, 'BW', 'BOTSWANA', 'Botswana', 'BWA', 72, 267),
(29, 'BV', 'BOUVET ISLAND', 'Bouvet Island', NULL, NULL, 0),
(30, 'BR', 'BRAZIL', 'Brazil', 'BRA', 76, 55),
(31, 'IO', 'BRITISH INDIAN OCEAN TERRITORY', 'British Indian Ocean Territory', NULL, NULL, 246),
(32, 'BN', 'BRUNEI DARUSSALAM', 'Brunei Darussalam', 'BRN', 96, 673),
(33, 'BG', 'BULGARIA', 'Bulgaria', 'BGR', 100, 359),
(34, 'BF', 'BURKINA FASO', 'Burkina Faso', 'BFA', 854, 226),
(35, 'BI', 'BURUNDI', 'Burundi', 'BDI', 108, 257),
(36, 'KH', 'CAMBODIA', 'Cambodia', 'KHM', 116, 855),
(37, 'CM', 'CAMEROON', 'Cameroon', 'CMR', 120, 237),
(38, 'CA', 'CANADA', 'Canada', 'CAN', 124, 1),
(39, 'CV', 'CAPE VERDE', 'Cape Verde', 'CPV', 132, 238),
(40, 'KY', 'CAYMAN ISLANDS', 'Cayman Islands', 'CYM', 136, 1345),
(41, 'CF', 'CENTRAL AFRICAN REPUBLIC', 'Central African Republic', 'CAF', 140, 236),
(42, 'TD', 'CHAD', 'Chad', 'TCD', 148, 235),
(43, 'CL', 'CHILE', 'Chile', 'CHL', 152, 56),
(44, 'CN', 'CHINA', 'China', 'CHN', 156, 86),
(45, 'CX', 'CHRISTMAS ISLAND', 'Christmas Island', NULL, NULL, 61),
(46, 'CC', 'COCOS (KEELING) ISLANDS', 'Cocos (Keeling) Islands', NULL, NULL, 672),
(47, 'CO', 'COLOMBIA', 'Colombia', 'COL', 170, 57),
(48, 'KM', 'COMOROS', 'Comoros', 'COM', 174, 269),
(49, 'CG', 'CONGO', 'Congo', 'COG', 178, 242),
(50, 'CD', 'CONGO, THE DEMOCRATIC REPUBLIC OF THE', 'Congo, the Democratic Republic of the', 'COD', 180, 242),
(51, 'CK', 'COOK ISLANDS', 'Cook Islands', 'COK', 184, 682),
(52, 'CR', 'COSTA RICA', 'Costa Rica', 'CRI', 188, 506),
(53, 'CI', 'COTE D''IVOIRE', 'Cote D''Ivoire', 'CIV', 384, 225),
(54, 'HR', 'CROATIA', 'Croatia', 'HRV', 191, 385),
(55, 'CU', 'CUBA', 'Cuba', 'CUB', 192, 53),
(56, 'CY', 'CYPRUS', 'Cyprus', 'CYP', 196, 357),
(57, 'CZ', 'CZECH REPUBLIC', 'Czech Republic', 'CZE', 203, 420),
(58, 'DK', 'DENMARK', 'Denmark', 'DNK', 208, 45),
(59, 'DJ', 'DJIBOUTI', 'Djibouti', 'DJI', 262, 253),
(60, 'DM', 'DOMINICA', 'Dominica', 'DMA', 212, 1767),
(61, 'DO', 'DOMINICAN REPUBLIC', 'Dominican Republic', 'DOM', 214, 1809),
(62, 'EC', 'ECUADOR', 'Ecuador', 'ECU', 218, 593),
(63, 'EG', 'EGYPT', 'Egypt', 'EGY', 818, 20),
(64, 'SV', 'EL SALVADOR', 'El Salvador', 'SLV', 222, 503),
(65, 'GQ', 'EQUATORIAL GUINEA', 'Equatorial Guinea', 'GNQ', 226, 240),
(66, 'ER', 'ERITREA', 'Eritrea', 'ERI', 232, 291),
(67, 'EE', 'ESTONIA', 'Estonia', 'EST', 233, 372),
(68, 'ET', 'ETHIOPIA', 'Ethiopia', 'ETH', 231, 251),
(69, 'FK', 'FALKLAND ISLANDS (MALVINAS)', 'Falkland Islands (Malvinas)', 'FLK', 238, 500),
(70, 'FO', 'FAROE ISLANDS', 'Faroe Islands', 'FRO', 234, 298),
(71, 'FJ', 'FIJI', 'Fiji', 'FJI', 242, 679),
(72, 'FI', 'FINLAND', 'Finland', 'FIN', 246, 358),
(73, 'FR', 'FRANCE', 'France', 'FRA', 250, 33),
(74, 'GF', 'FRENCH GUIANA', 'French Guiana', 'GUF', 254, 594),
(75, 'PF', 'FRENCH POLYNESIA', 'French Polynesia', 'PYF', 258, 689),
(76, 'TF', 'FRENCH SOUTHERN TERRITORIES', 'French Southern Territories', NULL, NULL, 0),
(77, 'GA', 'GABON', 'Gabon', 'GAB', 266, 241),
(78, 'GM', 'GAMBIA', 'Gambia', 'GMB', 270, 220),
(79, 'GE', 'GEORGIA', 'Georgia', 'GEO', 268, 995),
(80, 'DE', 'GERMANY', 'Germany', 'DEU', 276, 49),
(81, 'GH', 'GHANA', 'Ghana', 'GHA', 288, 233),
(82, 'GI', 'GIBRALTAR', 'Gibraltar', 'GIB', 292, 350),
(83, 'GR', 'GREECE', 'Greece', 'GRC', 300, 30),
(84, 'GL', 'GREENLAND', 'Greenland', 'GRL', 304, 299),
(85, 'GD', 'GRENADA', 'Grenada', 'GRD', 308, 1473),
(86, 'GP', 'GUADELOUPE', 'Guadeloupe', 'GLP', 312, 590),
(87, 'GU', 'GUAM', 'Guam', 'GUM', 316, 1671),
(88, 'GT', 'GUATEMALA', 'Guatemala', 'GTM', 320, 502),
(89, 'GN', 'GUINEA', 'Guinea', 'GIN', 324, 224),
(90, 'GW', 'GUINEA-BISSAU', 'Guinea-Bissau', 'GNB', 624, 245),
(91, 'GY', 'GUYANA', 'Guyana', 'GUY', 328, 592),
(92, 'HT', 'HAITI', 'Haiti', 'HTI', 332, 509),
(93, 'HM', 'HEARD ISLAND AND MCDONALD ISLANDS', 'Heard Island and Mcdonald Islands', NULL, NULL, 0),
(94, 'VA', 'HOLY SEE (VATICAN CITY STATE)', 'Holy See (Vatican City State)', 'VAT', 336, 39),
(95, 'HN', 'HONDURAS', 'Honduras', 'HND', 340, 504),
(96, 'HK', 'HONG KONG', 'Hong Kong', 'HKG', 344, 852),
(97, 'HU', 'HUNGARY', 'Hungary', 'HUN', 348, 36),
(98, 'IS', 'ICELAND', 'Iceland', 'ISL', 352, 354),
(99, 'IN', 'INDIA', 'India', 'IND', 356, 91),
(100, 'ID', 'INDONESIA', 'Indonesia', 'IDN', 360, 62),
(101, 'IR', 'IRAN, ISLAMIC REPUBLIC OF', 'Iran, Islamic Republic of', 'IRN', 364, 98),
(102, 'IQ', 'IRAQ', 'Iraq', 'IRQ', 368, 964),
(103, 'IE', 'IRELAND', 'Ireland', 'IRL', 372, 353),
(104, 'IL', 'ISRAEL', 'Israel', 'ISR', 376, 972),
(105, 'IT', 'ITALY', 'Italy', 'ITA', 380, 39),
(106, 'JM', 'JAMAICA', 'Jamaica', 'JAM', 388, 1876),
(107, 'JP', 'JAPAN', 'Japan', 'JPN', 392, 81),
(108, 'JO', 'JORDAN', 'Jordan', 'JOR', 400, 962),
(109, 'KZ', 'KAZAKHSTAN', 'Kazakhstan', 'KAZ', 398, 7),
(110, 'KE', 'KENYA', 'Kenya', 'KEN', 404, 254),
(111, 'KI', 'KIRIBATI', 'Kiribati', 'KIR', 296, 686),
(112, 'KP', 'KOREA, DEMOCRATIC PEOPLE''S REPUBLIC OF', 'Korea, Democratic People''s Republic of', 'PRK', 408, 850),
(113, 'KR', 'KOREA, REPUBLIC OF', 'Korea, Republic of', 'KOR', 410, 82),
(114, 'KW', 'KUWAIT', 'Kuwait', 'KWT', 414, 965),
(115, 'KG', 'KYRGYZSTAN', 'Kyrgyzstan', 'KGZ', 417, 996),
(116, 'LA', 'LAO PEOPLE''S DEMOCRATIC REPUBLIC', 'Lao People''s Democratic Republic', 'LAO', 418, 856),
(117, 'LV', 'LATVIA', 'Latvia', 'LVA', 428, 371),
(118, 'LB', 'LEBANON', 'Lebanon', 'LBN', 422, 961),
(119, 'LS', 'LESOTHO', 'Lesotho', 'LSO', 426, 266),
(120, 'LR', 'LIBERIA', 'Liberia', 'LBR', 430, 231),
(121, 'LY', 'LIBYAN ARAB JAMAHIRIYA', 'Libyan Arab Jamahiriya', 'LBY', 434, 218),
(122, 'LI', 'LIECHTENSTEIN', 'Liechtenstein', 'LIE', 438, 423),
(123, 'LT', 'LITHUANIA', 'Lithuania', 'LTU', 440, 370),
(124, 'LU', 'LUXEMBOURG', 'Luxembourg', 'LUX', 442, 352),
(125, 'MO', 'MACAO', 'Macao', 'MAC', 446, 853),
(126, 'MK', 'MACEDONIA, THE FORMER YUGOSLAV REPUBLIC OF', 'Macedonia, the Former Yugoslav Republic of', 'MKD', 807, 389),
(127, 'MG', 'MADAGASCAR', 'Madagascar', 'MDG', 450, 261),
(128, 'MW', 'MALAWI', 'Malawi', 'MWI', 454, 265),
(129, 'MY', 'MALAYSIA', 'Malaysia', 'MYS', 458, 60),
(130, 'MV', 'MALDIVES', 'Maldives', 'MDV', 462, 960),
(131, 'ML', 'MALI', 'Mali', 'MLI', 466, 223),
(132, 'MT', 'MALTA', 'Malta', 'MLT', 470, 356),
(133, 'MH', 'MARSHALL ISLANDS', 'Marshall Islands', 'MHL', 584, 692),
(134, 'MQ', 'MARTINIQUE', 'Martinique', 'MTQ', 474, 596),
(135, 'MR', 'MAURITANIA', 'Mauritania', 'MRT', 478, 222),
(136, 'MU', 'MAURITIUS', 'Mauritius', 'MUS', 480, 230),
(137, 'YT', 'MAYOTTE', 'Mayotte', NULL, NULL, 269),
(138, 'MX', 'MEXICO', 'Mexico', 'MEX', 484, 52),
(139, 'FM', 'MICRONESIA, FEDERATED STATES OF', 'Micronesia, Federated States of', 'FSM', 583, 691),
(140, 'MD', 'MOLDOVA, REPUBLIC OF', 'Moldova, Republic of', 'MDA', 498, 373),
(141, 'MC', 'MONACO', 'Monaco', 'MCO', 492, 377),
(142, 'MN', 'MONGOLIA', 'Mongolia', 'MNG', 496, 976),
(143, 'MS', 'MONTSERRAT', 'Montserrat', 'MSR', 500, 1664),
(144, 'MA', 'MOROCCO', 'Morocco', 'MAR', 504, 212),
(145, 'MZ', 'MOZAMBIQUE', 'Mozambique', 'MOZ', 508, 258),
(146, 'MM', 'MYANMAR', 'Myanmar', 'MMR', 104, 95),
(147, 'NA', 'NAMIBIA', 'Namibia', 'NAM', 516, 264),
(148, 'NR', 'NAURU', 'Nauru', 'NRU', 520, 674),
(149, 'NP', 'NEPAL', 'Nepal', 'NPL', 524, 977),
(150, 'NL', 'NETHERLANDS', 'Netherlands', 'NLD', 528, 31),
(151, 'AN', 'NETHERLANDS ANTILLES', 'Netherlands Antilles', 'ANT', 530, 599),
(152, 'NC', 'NEW CALEDONIA', 'New Caledonia', 'NCL', 540, 687),
(153, 'NZ', 'NEW ZEALAND', 'New Zealand', 'NZL', 554, 64),
(154, 'NI', 'NICARAGUA', 'Nicaragua', 'NIC', 558, 505),
(155, 'NE', 'NIGER', 'Niger', 'NER', 562, 227),
(156, 'NG', 'NIGERIA', 'Nigeria', 'NGA', 566, 234),
(157, 'NU', 'NIUE', 'Niue', 'NIU', 570, 683),
(158, 'NF', 'NORFOLK ISLAND', 'Norfolk Island', 'NFK', 574, 672),
(159, 'MP', 'NORTHERN MARIANA ISLANDS', 'Northern Mariana Islands', 'MNP', 580, 1670),
(160, 'NO', 'NORWAY', 'Norway', 'NOR', 578, 47),
(161, 'OM', 'OMAN', 'Oman', 'OMN', 512, 968),
(162, 'PK', 'PAKISTAN', 'Pakistan', 'PAK', 586, 92),
(163, 'PW', 'PALAU', 'Palau', 'PLW', 585, 680),
(164, 'PS', 'PALESTINIAN TERRITORY, OCCUPIED', 'Palestinian Territory, Occupied', NULL, NULL, 970),
(165, 'PA', 'PANAMA', 'Panama', 'PAN', 591, 507),
(166, 'PG', 'PAPUA NEW GUINEA', 'Papua New Guinea', 'PNG', 598, 675),
(167, 'PY', 'PARAGUAY', 'Paraguay', 'PRY', 600, 595),
(168, 'PE', 'PERU', 'Peru', 'PER', 604, 51),
(169, 'PH', 'PHILIPPINES', 'Philippines', 'PHL', 608, 63),
(170, 'PN', 'PITCAIRN', 'Pitcairn', 'PCN', 612, 0),
(171, 'PL', 'POLAND', 'Poland', 'POL', 616, 48),
(172, 'PT', 'PORTUGAL', 'Portugal', 'PRT', 620, 351),
(173, 'PR', 'PUERTO RICO', 'Puerto Rico', 'PRI', 630, 1787),
(174, 'QA', 'QATAR', 'Qatar', 'QAT', 634, 974),
(175, 'RE', 'REUNION', 'Reunion', 'REU', 638, 262),
(176, 'RO', 'ROMANIA', 'Romania', 'ROM', 642, 40),
(177, 'RU', 'RUSSIAN FEDERATION', 'Russian Federation', 'RUS', 643, 70),
(178, 'RW', 'RWANDA', 'Rwanda', 'RWA', 646, 250),
(179, 'SH', 'SAINT HELENA', 'Saint Helena', 'SHN', 654, 290),
(180, 'KN', 'SAINT KITTS AND NEVIS', 'Saint Kitts and Nevis', 'KNA', 659, 1869),
(181, 'LC', 'SAINT LUCIA', 'Saint Lucia', 'LCA', 662, 1758),
(182, 'PM', 'SAINT PIERRE AND MIQUELON', 'Saint Pierre and Miquelon', 'SPM', 666, 508),
(183, 'VC', 'SAINT VINCENT AND THE GRENADINES', 'Saint Vincent and the Grenadines', 'VCT', 670, 1784),
(184, 'WS', 'SAMOA', 'Samoa', 'WSM', 882, 684),
(185, 'SM', 'SAN MARINO', 'San Marino', 'SMR', 674, 378),
(186, 'ST', 'SAO TOME AND PRINCIPE', 'Sao Tome and Principe', 'STP', 678, 239),
(187, 'SA', 'SAUDI ARABIA', 'Saudi Arabia', 'SAU', 682, 966),
(188, 'SN', 'SENEGAL', 'Senegal', 'SEN', 686, 221),
(189, 'CS', 'SERBIA AND MONTENEGRO', 'Serbia and Montenegro', NULL, NULL, 381),
(190, 'SC', 'SEYCHELLES', 'Seychelles', 'SYC', 690, 248),
(191, 'SL', 'SIERRA LEONE', 'Sierra Leone', 'SLE', 694, 232),
(192, 'SG', 'SINGAPORE', 'Singapore', 'SGP', 702, 65),
(193, 'SK', 'SLOVAKIA', 'Slovakia', 'SVK', 703, 421),
(194, 'SI', 'SLOVENIA', 'Slovenia', 'SVN', 705, 386),
(195, 'SB', 'SOLOMON ISLANDS', 'Solomon Islands', 'SLB', 90, 677),
(196, 'SO', 'SOMALIA', 'Somalia', 'SOM', 706, 252),
(197, 'ZA', 'SOUTH AFRICA', 'South Africa', 'ZAF', 710, 27),
(198, 'GS', 'SOUTH GEORGIA AND THE SOUTH SANDWICH ISLANDS', 'South Georgia and the South Sandwich Islands', NULL, NULL, 0),
(199, 'ES', 'SPAIN', 'Spain', 'ESP', 724, 34),
(200, 'LK', 'SRI LANKA', 'Sri Lanka', 'LKA', 144, 94),
(201, 'SD', 'SUDAN', 'Sudan', 'SDN', 736, 249),
(202, 'SR', 'SURINAME', 'Suriname', 'SUR', 740, 597),
(203, 'SJ', 'SVALBARD AND JAN MAYEN', 'Svalbard and Jan Mayen', 'SJM', 744, 47),
(204, 'SZ', 'SWAZILAND', 'Swaziland', 'SWZ', 748, 268),
(205, 'SE', 'SWEDEN', 'Sweden', 'SWE', 752, 46),
(206, 'CH', 'SWITZERLAND', 'Switzerland', 'CHE', 756, 41),
(207, 'SY', 'SYRIAN ARAB REPUBLIC', 'Syrian Arab Republic', 'SYR', 760, 963),
(208, 'TW', 'TAIWAN, PROVINCE OF CHINA', 'Taiwan, Province of China', 'TWN', 158, 886),
(209, 'TJ', 'TAJIKISTAN', 'Tajikistan', 'TJK', 762, 992),
(210, 'TZ', 'TANZANIA, UNITED REPUBLIC OF', 'Tanzania, United Republic of', 'TZA', 834, 255),
(211, 'TH', 'THAILAND', 'Thailand', 'THA', 764, 66),
(212, 'TL', 'TIMOR-LESTE', 'Timor-Leste', NULL, NULL, 670),
(213, 'TG', 'TOGO', 'Togo', 'TGO', 768, 228),
(214, 'TK', 'TOKELAU', 'Tokelau', 'TKL', 772, 690),
(215, 'TO', 'TONGA', 'Tonga', 'TON', 776, 676),
(216, 'TT', 'TRINIDAD AND TOBAGO', 'Trinidad and Tobago', 'TTO', 780, 1868),
(217, 'TN', 'TUNISIA', 'Tunisia', 'TUN', 788, 216),
(218, 'TR', 'TURKEY', 'Turkey', 'TUR', 792, 90),
(219, 'TM', 'TURKMENISTAN', 'Turkmenistan', 'TKM', 795, 7370),
(220, 'TC', 'TURKS AND CAICOS ISLANDS', 'Turks and Caicos Islands', 'TCA', 796, 1649),
(221, 'TV', 'TUVALU', 'Tuvalu', 'TUV', 798, 688),
(222, 'UG', 'UGANDA', 'Uganda', 'UGA', 800, 256),
(223, 'UA', 'UKRAINE', 'Ukraine', 'UKR', 804, 380),
(224, 'AE', 'UNITED ARAB EMIRATES', 'United Arab Emirates', 'ARE', 784, 971),
(225, 'GB', 'UNITED KINGDOM', 'United Kingdom', 'GBR', 826, 44),
(226, 'US', 'UNITED STATES', 'United States', 'USA', 840, 1),
(227, 'UM', 'UNITED STATES MINOR OUTLYING ISLANDS', 'United States Minor Outlying Islands', NULL, NULL, 1),
(228, 'UY', 'URUGUAY', 'Uruguay', 'URY', 858, 598),
(229, 'UZ', 'UZBEKISTAN', 'Uzbekistan', 'UZB', 860, 998),
(230, 'VU', 'VANUATU', 'Vanuatu', 'VUT', 548, 678),
(231, 'VE', 'VENEZUELA', 'Venezuela', 'VEN', 862, 58),
(232, 'VN', 'VIET NAM', 'Viet Nam', 'VNM', 704, 84),
(233, 'VG', 'VIRGIN ISLANDS, BRITISH', 'Virgin Islands, British', 'VGB', 92, 1284),
(234, 'VI', 'VIRGIN ISLANDS, U.S.', 'Virgin Islands, U.s.', 'VIR', 850, 1340),
(235, 'WF', 'WALLIS AND FUTUNA', 'Wallis and Futuna', 'WLF', 876, 681),
(236, 'EH', 'WESTERN SAHARA', 'Western Sahara', 'ESH', 732, 212),
(237, 'YE', 'YEMEN', 'Yemen', 'YEM', 887, 967),
(238, 'ZM', 'ZAMBIA', 'Zambia', 'ZMB', 894, 260),
(239, 'ZW', 'ZIMBABWE', 'Zimbabwe', 'ZWE', 716, 263);

-- --------------------------------------------------------

--
-- Table structure for table `groups`
--

CREATE TABLE IF NOT EXISTS `groups` (
  `id` int(15) NOT NULL AUTO_INCREMENT,
  `name` varchar(150) COLLATE utf8_unicode_ci NOT NULL,
  `created` datetime NOT NULL,
  `updated` datetime NOT NULL,
  PRIMARY KEY (`id`)
) ENGINE=InnoDB DEFAULT CHARSET=utf8 COLLATE=utf8_unicode_ci AUTO_INCREMENT=1 ;

-- --------------------------------------------------------

--
-- Table structure for table `ha_logins`
--

CREATE TABLE IF NOT EXISTS `ha_logins` (
  `id` int(11) NOT NULL AUTO_INCREMENT,
  `userId` int(11) NOT NULL,
  `loginProvider` varchar(50) NOT NULL,
  `loginProviderIdentifier` varchar(100) NOT NULL,
  PRIMARY KEY (`id`),
  UNIQUE KEY `loginProvider_2` (`loginProvider`,`loginProviderIdentifier`),
  KEY `loginProvider` (`loginProvider`),
  KEY `loginProviderIdentifier` (`loginProviderIdentifier`),
  KEY `userId` (`userId`),
  KEY `id` (`id`)
) ENGINE=InnoDB DEFAULT CHARSET=latin1 AUTO_INCREMENT=1 ;

-- --------------------------------------------------------

--
-- Table structure for table `tags`
--

CREATE TABLE IF NOT EXISTS `tags` (
  `id` int(15) NOT NULL AUTO_INCREMENT,
  `user_id` int(15) NOT NULL,
  `tag` varchar(64) COLLATE utf8_unicode_ci NOT NULL,
  `approved` int(15) NOT NULL,
  `created` datetime NOT NULL,
  `updated` datetime NOT NULL,
  PRIMARY KEY (`id`),
  KEY `user_id` (`user_id`)
) ENGINE=InnoDB DEFAULT CHARSET=utf8 COLLATE=utf8_unicode_ci AUTO_INCREMENT=1 ;

-- --------------------------------------------------------

--
-- Table structure for table `tbl_migration`
--

CREATE TABLE IF NOT EXISTS `tbl_migration` (
  `version` varchar(255) NOT NULL,
  `apply_time` int(11) DEFAULT NULL,
  PRIMARY KEY (`version`)
) ENGINE=InnoDB DEFAULT CHARSET=latin1;

--
-- Dumping data for table `tbl_migration`
--

INSERT INTO `tbl_migration` (`version`, `apply_time`) VALUES
('m000000_000000_base', 1384842242),
('m120101_000000_base', 1384842243),
('m121017_233353_cascade_user', 1384842243),
('m130207_175450_keywords', 1384842243),
('m130207_232511_prefermarkdown', 1384842243),
('m130219_183531_content_like', 1384842243),
('m130421_192044_add_about_user', 1384842243),
('m130516_183717_migrate_uploads', 1384842243),
('m130701_225047_userdetails', 1384842243);

-- --------------------------------------------------------

--
-- Table structure for table `users`
--

CREATE TABLE IF NOT EXISTS `users` (
  `id` int(15) NOT NULL AUTO_INCREMENT,
  `email` varchar(255) COLLATE utf8_unicode_ci NOT NULL,
  `password` varchar(64) COLLATE utf8_unicode_ci NOT NULL,
  `firstName` varchar(255) COLLATE utf8_unicode_ci DEFAULT NULL,
  `lastName` varchar(255) COLLATE utf8_unicode_ci DEFAULT NULL,
  `displayName` varchar(255) COLLATE utf8_unicode_ci NOT NULL,
  `expert` varchar(255) COLLATE utf8_unicode_ci NOT NULL,
  `profession` varchar(255) COLLATE utf8_unicode_ci NOT NULL,
  `about` varchar(255) COLLATE utf8_unicode_ci DEFAULT NULL,
  `user_role` int(15) NOT NULL,
  `status` int(15) NOT NULL,
  `profile` int(1) NOT NULL DEFAULT '0',
  `activation_key` varchar(255) COLLATE utf8_unicode_ci DEFAULT NULL,
  `created` datetime NOT NULL,
  `updated` datetime NOT NULL,
  PRIMARY KEY (`id`),
  UNIQUE KEY `email` (`email`),
  KEY `user_role` (`user_role`)
) ENGINE=InnoDB  DEFAULT CHARSET=utf8 COLLATE=utf8_unicode_ci AUTO_INCREMENT=19 ;

--
-- Dumping data for table `users`
--

INSERT INTO `users` (`id`, `email`, `password`, `firstName`, `lastName`, `displayName`, `expert`, `profession`, `about`, `user_role`, `status`, `profile`, `activation_key`, `created`, `updated`) VALUES
(1, 'eby.jane@gmail.com', '$2y$13$.YAVLmbZu1CHGBJ8dHK5ie3Yv3FS/2yN4ezebwfH2VvfyOlbRwOsm', 'eby', 'jane', 'Dweling', 'PHP', 'Software engineer', 'Lead Engineer in HCL Technologies Pvt Ltd.', 5, 1, 0, NULL, '2013-11-19 11:54:29', '2014-04-27 17:53:54'),
(18, 'chetan.kadur@gmail.com', '$2y$13$QoLDerml70G131B6AaXGNe6kJdZRjQw5DB/IEIQ3/esXnwLu/fKk6', '', '', 'chetan', 'stock market', 'business analyst', 'hey this is chetans profile', 1, 1, 0, NULL, '2014-04-17 16:12:01', '2014-04-19 15:54:12');

-- --------------------------------------------------------

--
-- Table structure for table `user_groups`
--

CREATE TABLE IF NOT EXISTS `user_groups` (
  `id` int(15) NOT NULL AUTO_INCREMENT,
  `group_id` int(15) NOT NULL,
  `user_id` int(15) NOT NULL,
  `created` datetime NOT NULL,
  `updated` datetime NOT NULL,
  PRIMARY KEY (`id`)
) ENGINE=InnoDB DEFAULT CHARSET=utf8 COLLATE=utf8_unicode_ci AUTO_INCREMENT=1 ;

-- --------------------------------------------------------

--
-- Table structure for table `user_metadata`
--

CREATE TABLE IF NOT EXISTS `user_metadata` (
  `user_id` int(15) NOT NULL,
  `key` varchar(255) COLLATE utf8_unicode_ci NOT NULL,
  `value` text COLLATE utf8_unicode_ci NOT NULL,
  `created` datetime NOT NULL,
  `updated` datetime NOT NULL,
  UNIQUE KEY `user_id_2` (`user_id`,`key`),
  KEY `user_id` (`user_id`)
) ENGINE=InnoDB DEFAULT CHARSET=utf8 COLLATE=utf8_unicode_ci;

--
-- Dumping data for table `user_metadata`
--

INSERT INTO `user_metadata` (`user_id`, `key`, `value`, `created`, `updated`) VALUES
(1, 'Dislike', '{"2":"41","3":"45","4":"42","5":"44","6":"9"}', '2013-12-17 01:49:19', '2014-04-26 19:58:19'),
(1, 'likes', '{"1":"45","2":"42","3":"43","4":"41"}', '2013-12-17 01:07:43', '2014-04-26 19:58:20'),
(1, 'upload-4085026fa4be1d07afffdfff3d52a25d.jpg', 'upload-4085026fa4be1d07afffdfff3d52a25d.jpg', '2014-04-26 12:27:50', '2014-04-26 12:27:50'),
(18, 'upload-8afb9751f0ee2ccda1c62f888acaad51.jpg', 'upload-8afb9751f0ee2ccda1c62f888acaad51.jpg', '2014-04-19 13:04:52', '2014-04-19 13:04:52');

-- --------------------------------------------------------

--
-- Table structure for table `user_roles`
--

CREATE TABLE IF NOT EXISTS `user_roles` (
  `id` int(15) NOT NULL AUTO_INCREMENT,
  `name` varchar(100) COLLATE utf8_unicode_ci NOT NULL,
  `created` datetime NOT NULL,
  `updated` datetime NOT NULL,
  PRIMARY KEY (`id`)
) ENGINE=InnoDB  DEFAULT CHARSET=utf8 COLLATE=utf8_unicode_ci AUTO_INCREMENT=6 ;

--
-- Dumping data for table `user_roles`
--

INSERT INTO `user_roles` (`id`, `name`, `created`, `updated`) VALUES
(1, 'User', '2013-11-19 11:54:03', '2013-11-19 11:54:03'),
(2, 'Pending', '2013-11-19 11:54:03', '2013-11-19 11:54:03'),
(3, 'Suspended', '2013-11-19 11:54:03', '2013-11-19 11:54:03'),
(4, 'Moderator', '2013-11-19 11:54:03', '2013-11-19 11:54:03'),
(5, 'Administrator', '2013-11-19 11:54:03', '2013-11-19 11:54:03');

--
-- Constraints for dumped tables
--

--
-- Constraints for table `categories`
--
ALTER TABLE `categories`
  ADD CONSTRAINT `categories_ibfk_1` FOREIGN KEY (`parent_id`) REFERENCES `categories` (`id`) ON DELETE NO ACTION ON UPDATE NO ACTION;

--
-- Constraints for table `categories_metadata`
--
ALTER TABLE `categories_metadata`
  ADD CONSTRAINT `categories_metadata_ibfk_1` FOREIGN KEY (`category_id`) REFERENCES `categories` (`id`) ON DELETE CASCADE ON UPDATE NO ACTION;

--
-- Constraints for table `comments`
--
ALTER TABLE `comments`
  ADD CONSTRAINT `comments_ibfk_1` FOREIGN KEY (`user_id`) REFERENCES `users` (`id`) ON DELETE CASCADE ON UPDATE NO ACTION,
  ADD CONSTRAINT `comments_ibfk_2` FOREIGN KEY (`content_id`) REFERENCES `content` (`id`) ON DELETE CASCADE ON UPDATE NO ACTION;

--
-- Constraints for table `comment_metadata`
--
ALTER TABLE `comment_metadata`
  ADD CONSTRAINT `comment_metadata_ibfk_1` FOREIGN KEY (`comment_id`) REFERENCES `comments` (`id`) ON DELETE CASCADE ON UPDATE NO ACTION;

--
-- Constraints for table `content`
--
ALTER TABLE `content`
  ADD CONSTRAINT `content_ibfk_1` FOREIGN KEY (`author_id`) REFERENCES `users` (`id`) ON DELETE NO ACTION ON UPDATE NO ACTION,
  ADD CONSTRAINT `content_ibfk_2` FOREIGN KEY (`category_id`) REFERENCES `categories` (`id`) ON DELETE CASCADE ON UPDATE NO ACTION;

--
-- Constraints for table `content_metadata`
--
ALTER TABLE `content_metadata`
  ADD CONSTRAINT `content_metadata_ibfk_1` FOREIGN KEY (`content_id`) REFERENCES `content` (`id`) ON DELETE CASCADE ON UPDATE NO ACTION;

--
-- Constraints for table `tags`
--
ALTER TABLE `tags`
  ADD CONSTRAINT `tags_ibfk_1` FOREIGN KEY (`user_id`) REFERENCES `users` (`id`) ON DELETE NO ACTION ON UPDATE NO ACTION;

--
-- Constraints for table `users`
--
ALTER TABLE `users`
  ADD CONSTRAINT `users_ibfk_1` FOREIGN KEY (`user_role`) REFERENCES `user_roles` (`id`) ON DELETE NO ACTION ON UPDATE NO ACTION;

--
-- Constraints for table `user_metadata`
--
ALTER TABLE `user_metadata`
  ADD CONSTRAINT `user_metadata_ibfk_1` FOREIGN KEY (`user_id`) REFERENCES `users` (`id`) ON DELETE CASCADE ON UPDATE NO ACTION,
  ADD CONSTRAINT `user_metadata_ibfk_2` FOREIGN KEY (`user_id`) REFERENCES `users` (`id`) ON DELETE CASCADE ON UPDATE NO ACTION;

/*!40101 SET CHARACTER_SET_CLIENT=@OLD_CHARACTER_SET_CLIENT */;
/*!40101 SET CHARACTER_SET_RESULTS=@OLD_CHARACTER_SET_RESULTS */;
/*!40101 SET COLLATION_CONNECTION=@OLD_COLLATION_CONNECTION */;
